entry,file_count,logical_bytes,cloud_coverage
"edge-request-handoff-20260914","91276","17486650740","main:E-016"
"edge-replay-20260913","70721","9829144272","main:E-005"
"edge-fixed-state-20260914","42351","9385874768","main:E-011"
"edge-input-fix-20260915","56896","9118165464","PR260:E-017,E-018"
"edge-journal-20260913","47889","8193863304","main:E-006"
"edge-three-routes-20260914","28485","5608096872","main:E-015"
"edge-render-cause-20260914","18495","3605715329","main:E-013"
"edge-cadence-20260913","15699","3105934693","main:E-007"
"edge-route3-minimal-20260914","17816","2873573158","main:PR267-route3-review"
"edge-net11-20260914","13503","2814749544","main:E-014"
"edge-render-chain-20260913","10648","2356236246","main:E-010"
"edge-pointer-filter-20260913","12390","2297254703","main:E-009"
"edge-pr238-cause-20260914","11205","1912530276","main:E-012"
"edge-deep-latency-20260913","5171","1281472389","main:E-008"
"edge-pr-integration-20260914","3054","775615884","main:E-016-integration"
"pr238-windows-validation","2339","677359313","PR238;main:D-032,D-033,D-034,D-035"
"edge-route3-product-20260914","1915","506627764","local-closeout-supplement"
"PaperTodo-v4.0.0-preview","1035","233832375","rebuildable-output"
"pr260-user-test-20260915","846","163688238","PR260-old-test-package"
"边缘浏览优化-诊断包-20260913","948","155507295","main:E-005;old-package"
"新建文件夹","908","153780218","old-manual-test-output"
"边缘浏览预热完成-诊断包-20260913","948","149411096","main:E-005;old-package"
"实机数据","946","131426391","replay-input"
"PaperTodo-v4.0.0-preview-win-x64-no-runtime.exe","1","17001988","old-release-copy"
"数据.exe","1","54232","replay-recorder"
"edge-delay-audit-20260913","2","15785","local-gap-audit-supplement"
"Build-Pr260-UserTest-20260915.ps1","1","3247","old-package-script"
"edge-journal-preservation-console.log","1","71","old-archive-console"
